match_id,point_id,set_num,score_A,score_B,set_A,set_B,serveur,winner,nb_coups,duree_frames,frame_debut,frame_fin,sequence_coups,sequence_lateralites,sequence_effets,sequence_zones,service_lateralite,service_zone,faute_type,faute_lateralite,dernier_coup,derniere_zone,clip_path,player_A,player_B,competition,date
FAN-ZHENDONG_vs_TRULS-MOREGARD,0,1,0,0,0,0,FAN-ZHENDONG,TRULS-MOREGARD,4,122,6645,6767,"Lateral_Droit_CD_M1,CD_D_po_D3_2,CD_D_po_G2_3,R_A_to_G3_4","coup_droit,coup_droit,coup_droit,revers","service,poussette,poussette,topspin","m1,d3,g2,g3",coup_droit,m1,out,revers,topspin,0,clips/set_1_point_0/set_1_point_0.mp4,FAN-ZHENDONG,TRULS-MOREGARD,,2025-03-11
FAN-ZHENDONG_vs_TRULS-MOREGARD,1,1,0,1,0,0,FAN-ZHENDONG,FAN-ZHENDONG,3,96,7177,7273,"Lateral_Droit_CD_M2,R_D_po_M3_2,CD_D_po_G2_3","coup_droit,revers,coup_droit","service,poussette,poussette","m2,m3,g2",coup_droit,m2,out,revers,topspin,0,clips/set_1_point_1/set_1_point_1.mp4,FAN-ZHENDONG,TRULS-MOREGARD,,2025-03-11
FAN-ZHENDONG_vs_TRULS-MOREGARD,2,1,1,1,0,0,TRULS-MOREGARD,TRULS-MOREGARD,3,35,7670,7705,"Lateral_Droit_CD_M2,R_D_po_G2_2,CD_A_to_M3_3","coup_droit,revers,coup_droit","service,poussette,topspin","m2,g2,m3",coup_droit,m2,pt_gagne,coup_droit,topspin,1,clips/set_1_point_2/set_1_point_2.mp4,FAN-ZHENDONG,TRULS-MOREGARD,,2025-03-11
FAN-ZHENDONG_vs_TRULS-MOREGARD,3,1,1,2,0,0,TRULS-MOREGARD,TRULS-MOREGARD,1,45,8012,8057,Lateral_Droit_CD_G3,coup_droit,service,g3,coup_droit,g3,out,revers,topspin,0,clips/set_1_point_3/set_1_point_3.mp4,FAN-ZHENDONG,TRULS-MOREGARD,,2025-03-11
FAN-ZHENDONG_vs_TRULS-MOREGARD,4,1,1,3,0,0,FAN-ZHENDONG,TRULS-MOREGARD,2,73,8459,8532,"Lateral_Droit_CD_M2,R_I_fl_G3_2","coup_droit,revers","service,flip","m2,g3",coup_droit,m2,filet,revers,topspin,0,clips/set_1_point_4/set_1_point_4.mp4,FAN-ZHENDONG,TRULS-MOREGARD,,2025-03-11
FAN-ZHENDONG_vs_TRULS-MOREGARD,5,1,1,4,0,0,FAN-ZHENDONG,FAN-ZHENDONG,7,134,9000,9134,"Lateral_Droit_CD_G2,R_I_to_M2_2,R_I_to_M3_3,R_I_bl_M3_4,R_A_to_G3_5,R_I_to_M3_6,CD_A_to_G3_7","coup_droit,revers,revers,revers,revers,revers,coup_droit","service,topspin,topspin,block,topspin,topspin,topspin","g2,m2,m3,m3,g3,m3,g3",coup_droit,g2,out,revers,bloc,0,clips/set_1_point_5/set_1_point_5.mp4,FAN-ZHENDONG,TRULS-MOREGARD,,2025-03-11
FAN-ZHENDONG_vs_TRULS-MOREGARD,6,1,2,4,0,0,TRULS-MOREGARD,FAN-ZHENDONG,2,24,9718,9742,"Lateral_Droit_CD_G2,R_D_po_M1_2","coup_droit,revers","service,poussette","g2,m1",coup_droit,g2,pt_gagne,revers,poussette,1,clips/set_1_point_6/set_1_point_6.mp4,FAN-ZHENDONG,TRULS-MOREGARD,,2025-03-11
FAN-ZHENDONG_vs_TRULS-MOREGARD,7,1,3,4,0,0,TRULS-MOREGARD,FAN-ZHENDONG,4,59,10126,10185,"Lateral_Droit_CD_D2,CD_D_po_M2_2,CD_D_po_D2_3,R_A_fl_G3_4","coup_droit,coup_droit,coup_droit,revers","service,poussette,poussette,flip","d2,m2,d2,g3",coup_droit,d2,filet,revers,topspin,0,clips/set_1_point_7/set_1_point_7.mp4,FAN-ZHENDONG,TRULS-MOREGARD,,2025-03-11
FAN-ZHENDONG_vs_TRULS-MOREGARD,8,1,4,4,0,0,FAN-ZHENDONG,TRULS-MOREGARD,10,164,10701,10865,"Lateral_Droit_CD_G1,CD_D_po_M3_2,R_I_to_M2_3,CD_A_to_G3_4,R_I_to_G3_5,R_I_bl_M2_6,R_I_to_G2_7,R_I_bl_G3_8,R_A_to_G2_9,R_I_to_M3_10","coup_droit,coup_droit,revers,coup_droit,revers,revers,revers,revers,revers,revers","service,poussette,topspin,topspin,topspin,block,topspin,block,topspin,topspin","g1,m3,m2,g3,g3,m2,g2,g3,g2,m3",coup_droit,g1,filet,coup_droit,topspin,0,clips/set_1_point_8/set_1_point_8.mp4,FAN-ZHENDONG,TRULS-MOREGARD,,2025-03-11
FAN-ZHENDONG_vs_TRULS-MOREGARD,9,1,4,5,0,0,FAN-ZHENDONG,TRULS-MOREGARD,4,66,11486,11552,"Lateral_Droit_CD_G2,R_I_to_G3_2,R_A_to_G3_3,R_A_bl_D3_4","coup_droit,revers,revers,revers","service,topspin,topspin,block","g2,g3,g3,d3",coup_droit,g2,pt_gagne,revers,bloc,1,clips/set_1_point_9/set_1_point_9.mp4,FAN-ZHENDONG,TRULS-MOREGARD,,2025-03-11
FAN-ZHENDONG_vs_TRULS-MOREGARD,10,1,4,6,0,0,TRULS-MOREGARD,FAN-ZHENDONG,4,49,12099,12148,"Lateral_Droit_CD_D3,CD_D_po_G2_2,R_I_to_M3_3,R_A_to_D2_4","coup_droit,coup_droit,revers,revers","service,poussette,topspin,topspin","d3,g2,m3,d2",coup_droit,d3,pt_gagne,revers,topspin,1,clips/set_1_point_10/set_1_point_10.mp4,FAN-ZHENDONG,TRULS-MOREGARD,,2025-03-11
FAN-ZHENDONG_vs_TRULS-MOREGARD,11,1,5,6,0,0,TRULS-MOREGARD,TRULS-MOREGARD,5,119,12585,12704,"Lateral_Droit_CD_D2,CD_D_po_D3_2,CD_A_to_D2_3,CD_I_bl_D3_4,R_I_bl_M3_5","coup_droit,coup_droit,coup_droit,coup_droit,revers","service,poussette,topspin,block,block","d2,d3,d2,d3,m3",coup_droit,d2,filet,revers,topspin,0,clips/set_1_point_11/set_1_point_11.mp4,FAN-ZHENDONG,TRULS-MOREGARD,,2025-03-11
FAN-ZHENDONG_vs_TRULS-MOREGARD,12,1,5,7,0,0,FAN-ZHENDONG,FAN-ZHENDONG,3,76,13374,13450,"Lateral_Droit_CD_M2,CD_D_po_G2_2,R_A_fl_M2_3","coup_droit,coup_droit,revers","service,poussette,flip","m2,g2,m2",coup_droit,m2,filet,revers,bloc,0,clips/set_1_point_12/set_1_point_12.mp4,FAN-ZHENDONG,TRULS-MOREGARD,,2025-03-11
FAN-ZHENDONG_vs_TRULS-MOREGARD,13,1,6,7,0,0,FAN-ZHENDONG,FAN-ZHENDONG,3,100,14063,14163,"Lateral_Droit_CD_G2,R_D_po_D2_2,CD_D_po_G2_3","coup_droit,revers,coup_droit","service,poussette,poussette","g2,d2,g2",coup_droit,g2,out,coup_droit,topspin,0,clips/set_1_point_13/set_1_point_13.mp4,FAN-ZHENDONG,TRULS-MOREGARD,,2025-03-11
FAN-ZHENDONG_vs_TRULS-MOREGARD,14,1,7,7,0,0,TRULS-MOREGARD,TRULS-MOREGARD,1,26,14719,14745,Lateral_Droit_CD_G2,coup_droit,service,g2,coup_droit,g2,filet,revers,poussette,0,clips/set_1_point_14/set_1_point_14.mp4,FAN-ZHENDONG,TRULS-MOREGARD,,2025-03-11
FAN-ZHENDONG_vs_TRULS-MOREGARD,15,1,7,8,0,0,TRULS-MOREGARD,TRULS-MOREGARD,5,82,15152,15234,"Lateral_Droit_CD_G2,R_D_po_M1_2,CD_D_po_G3_3,R_A_to_G2_4,R_A_bl_G3_5","coup_droit,revers,coup_droit,revers,revers","service,poussette,poussette,topspin,block","g2,m1,g3,g2,g3",coup_droit,g2,out,revers,bloc,0,clips/set_1_point_15/set_1_point_15.mp4,FAN-ZHENDONG,TRULS-MOREGARD,,2025-03-11
FAN-ZHENDONG_vs_TRULS-MOREGARD,16,1,7,9,0,0,FAN-ZHENDONG,TRULS-MOREGARD,4,97,15843,15940,"Lateral_Droit_CD_D2,CD_D_po_M3_2,R_I_to_G3_3,R_I_bl_G3_4","coup_droit,coup_droit,revers,revers","service,poussette,topspin,block","d2,m3,g3,g3",coup_droit,d2,filet,revers,topspin,0,clips/set_1_point_16/set_1_point_16.mp4,FAN-ZHENDONG,TRULS-MOREGARD,,2025-03-11
FAN-ZHENDONG_vs_TRULS-MOREGARD,17,1,7,10,0,0,FAN-ZHENDONG,TRULS-MOREGARD,4,82,16463,16545,"Lateral_Droit_CD_G2,R_I_fl_M3_2,R_A_to_G2_3,CD_I_to_G3_4","coup_droit,revers,revers,coup_droit","service,flip,topspin,topspin","g2,m3,g2,g3",coup_droit,g2,filet,revers,topspin,0,clips/set_1_point_17/set_1_point_17.mp4,FAN-ZHENDONG,TRULS-MOREGARD,,2025-03-11
FAN-ZHENDONG_vs_TRULS-MOREGARD,18,2,0,0,0,1,TRULS-MOREGARD,TRULS-MOREGARD,1,72,18673,18745,Lateral_Droit_CD_G2,coup_droit,service,g2,coup_droit,g2,out,revers,topspin,0,clips/set_2_point_18/set_2_point_18.mp4,FAN-ZHENDONG,TRULS-MOREGARD,,2025-03-11
FAN-ZHENDONG_vs_TRULS-MOREGARD,19,2,0,1,0,1,TRULS-MOREGARD,FAN-ZHENDONG,4,54,19066,19120,"Lateral_Droit_CD_M3,R_I_to_G3_2,CD_A_to_G3_3,R_I_to_G3_4","coup_droit,revers,coup_droit,revers","service,topspin,topspin,topspin","m3,g3,g3,g3",coup_droit,m3,out,revers,bloc,0,clips/set_2_point_19/set_2_point_19.mp4,FAN-ZHENDONG,TRULS-MOREGARD,,2025-03-11
FAN-ZHENDONG_vs_TRULS-MOREGARD,20,2,1,1,0,1,FAN-ZHENDONG,TRULS-MOREGARD,4,50,19560,19610,"Lateral_Droit_CD_M2,CD_D_po_D2_2,CD_I_to_D3_3,CD_I_to_D3_4","coup_droit,coup_droit,coup_droit,coup_droit","service,poussette,topspin,topspin","m2,d2,d3,d3",coup_droit,m2,pt_gagne,coup_droit,topspin,1,clips/set_2_point_20/set_2_point_20.mp4,FAN-ZHENDONG,TRULS-MOREGARD,,2025-03-11
FAN-ZHENDONG_vs_TRULS-MOREGARD,21,2,1,2,0,1,FAN-ZHENDONG,TRULS-MOREGARD,4,95,20195,20290,"Lateral_Droit_CD_M2,R_D_po_M3_2,CD_A_to_G3_3,R_A_bl_D3_4","coup_droit,revers,coup_droit,revers","service,poussette,topspin,block","m2,m3,g3,d3",coup_droit,m2,out,coup_droit,bloc,0,clips/set_2_point_21/set_2_point_21.mp4,FAN-ZHENDONG,TRULS-MOREGARD,,2025-03-11
FAN-ZHENDONG_vs_TRULS-MOREGARD,22,2,1,3,0,1,TRULS-MOREGARD,FAN-ZHENDONG,4,75,20779,20854,"Lateral_Droit_CD_G1,R_D_po_M2_2,CD_D_po_M1_3,R_D_po_D2_4","coup_droit,revers,coup_droit,revers","service,poussette,poussette,poussette","g1,m2,m1,d2",coup_droit,g1,filet,coup_droit,flip,0,clips/set_2_point_22/set_2_point_22.mp4,FAN-ZHENDONG,TRULS-MOREGARD,,2025-03-11
FAN-ZHENDONG_vs_TRULS-MOREGARD,23,2,2,3,0,1,TRULS-MOREGARD,TRULS-MOREGARD,5,76,21331,21407,"Lateral_Droit_CD_D2,CD_D_po_M2_2,CD_D_po_D2_3,CD_A_to_M3_4,R_I_bl_D2_5","coup_droit,coup_droit,coup_droit,coup_droit,revers","service,poussette,poussette,topspin,block","d2,m2,d2,m3,d2",coup_droit,d2,pt_gagne,revers,bloc,1,clips/set_2_point_23/set_2_point_23.mp4,FAN-ZHENDONG,TRULS-MOREGARD,,2025-03-11
FAN-ZHENDONG_vs_TRULS-MOREGARD,24,2,2,4,0,1,FAN-ZHENDONG,FAN-ZHENDONG,3,88,21956,22044,"Lateral_Gauche_CD_G3,R_D_po_M2_2,R_A_to_D3_3","coup_droit,revers,revers","service,poussette,topspin","g3,m2,d3",coup_droit,g3,pt_gagne,revers,topspin,1,clips/set_2_point_24/set_2_point_24.mp4,FAN-ZHENDONG,TRULS-MOREGARD,,2025-03-11
FAN-ZHENDONG_vs_TRULS-MOREGARD,25,2,3,4,0,1,FAN-ZHENDONG,FAN-ZHENDONG,3,48,22639,22687,"Lateral_Gauche_CD_M2,CD_D_po_M1_2,R_A_fl_G3_3","coup_droit,coup_droit,revers","service,poussette,flip","m2,m1,g3",coup_droit,m2,filet,revers,bloc,0,clips/set_2_point_25/set_2_point_25.mp4,FAN-ZHENDONG,TRULS-MOREGARD,,2025-03-11
FAN-ZHENDONG_vs_TRULS-MOREGARD,26,2,4,4,0,1,TRULS-MOREGARD,FAN-ZHENDONG,8,170,23227,23397,"Lateral_Droit_CD_G1,R_D_po_D2_2,CD_D_po_G2_3,R_I_to_G2_4,R_I_bl_M2_5,R_A_to_D3_6,CD_I_bl_M1_7,CD_A_to_G3_8","coup_droit,revers,coup_droit,revers,revers,revers,coup_droit,coup_droit","service,poussette,poussette,topspin,block,topspin,block,topspin","g1,d2,g2,g2,m2,d3,m1,g3",coup_droit,g1,out,revers,bloc,0,clips/set_2_point_26/set_2_point_26.mp4,FAN-ZHENDONG,TRULS-MOREGARD,,2025-03-11
FAN-ZHENDONG_vs_TRULS-MOREGARD,27,2,5,4,0,1,TRULS-MOREGARD,TRULS-MOREGARD,7,81,23920,24001,"Lateral_Droit_CD_D2,CD_D_po_G2_2,CD_D_po_G2_3,R_I_to_G3_4,R_I_bl_M3_5,CD_A_to_D3_6,CD_I_to_D1_7","coup_droit,coup_droit,coup_droit,revers,revers,coup_droit,coup_droit","service,poussette,poussette,topspin,block,topspin,topspin","d2,g2,g2,g3,m3,d3,d1",coup_droit,d2,pt_gagne,coup_droit,topspin,1,clips/set_2_point_27/set_2_point_27.mp4,FAN-ZHENDONG,TRULS-MOREGARD,,2025-03-11
FAN-ZHENDONG_vs_TRULS-MOREGARD,28,2,5,5,0,1,FAN-ZHENDONG,FAN-ZHENDONG,3,91,24675,24766,"Lateral_Gauche_CD_D2,CD_I_to_G2_2,R_I_to_G3_3","coup_droit,coup_droit,revers","service,topspin,topspin","d2,g2,g3",coup_droit,d2,filet,revers,topspin,0,clips/set_2_point_28/set_2_point_28.mp4,FAN-ZHENDONG,TRULS-MOREGARD,,2025-03-11
FAN-ZHENDONG_vs_TRULS-MOREGARD,29,2,6,5,0,1,FAN-ZHENDONG,FAN-ZHENDONG,5,90,25426,25516,"Lateral_Gauche_CD_M3,R_A_bl_G3_2,R_I_to_G2_3,R_A_bl_G3_4,R_I_to_D3_5","coup_droit,revers,revers,revers,revers","service,block,topspin,block,topspin","m3,g3,g2,g3,d3",coup_droit,m3,pt_gagne,revers,topspin,1,clips/set_2_point_29/set_2_point_29.mp4,FAN-ZHENDONG,TRULS-MOREGARD,,2025-03-11
FAN-ZHENDONG_vs_TRULS-MOREGARD,30,2,7,5,0,1,TRULS-MOREGARD,TRULS-MOREGARD,3,78,26138,26216,"Lateral_Droit_CD_D1,CD_D_po_G2_2,CD_A_to_D2_3","coup_droit,coup_droit,coup_droit","service,poussette,topspin","d1,g2,d2",coup_droit,d1,filet,coup_droit,bloc,0,clips/set_2_point_30/set_2_point_30.mp4,FAN-ZHENDONG,TRULS-MOREGARD,,2025-03-11
FAN-ZHENDONG_vs_TRULS-MOREGARD,31,2,7,6,0,1,TRULS-MOREGARD,TRULS-MOREGARD,5,113,26693,26806,"Lateral_Droit_CD_D2,CD_D_po_D2_2,CD_I_to_D2_3,CD_I_to_G3_4,R_I_bl_G3_5","coup_droit,coup_droit,coup_droit,coup_droit,revers","service,poussette,topspin,topspin,block","d2,d2,d2,g3,g3",coup_droit,d2,out,revers,coupe,0,clips/set_2_point_31/set_2_point_31.mp4,FAN-ZHENDONG,TRULS-MOREGARD,,2025-03-11
FAN-ZHENDONG_vs_TRULS-MOREGARD,32,2,7,7,0,1,FAN-ZHENDONG,TRULS-MOREGARD,2,68,27526,27594,"Lateral_Gauche_CD_D2,CD_A_to_D2_2","coup_droit,coup_droit","service,topspin","d2,d2",coup_droit,d2,out,coup_droit,bloc,0,clips/set_2_point_32/set_2_point_32.mp4,FAN-ZHENDONG,TRULS-MOREGARD,,2025-03-11
FAN-ZHENDONG_vs_TRULS-MOREGARD,33,2,7,8,0,1,FAN-ZHENDONG,FAN-ZHENDONG,5,119,28191,28310,"Lateral_Gauche_CD_M2,CD_D_po_M1_2,R_D_po_D3_3,CD_I_to_G3_4,R_I_to_G3_5","coup_droit,coup_droit,revers,coup_droit,revers","service,poussette,poussette,topspin,topspin","m2,m1,d3,g3,g3",coup_droit,m2,out,revers,bloc,0,clips/set_2_point_33/set_2_point_33.mp4,FAN-ZHENDONG,TRULS-MOREGARD,,2025-03-11
FAN-ZHENDONG_vs_TRULS-MOREGARD,34,2,8,8,0,1,TRULS-MOREGARD,TRULS-MOREGARD,5,93,28892,28985,"Lateral_Droit_CD_G2,R_D_po_G3_2,R_I_to_M2_3,CD_A_to_G3_4,R_A_bl_D2_5","coup_droit,revers,revers,coup_droit,revers","service,poussette,topspin,topspin,block","g2,g3,m2,g3,d2",coup_droit,g2,filet,coup_droit,topspin,0,clips/set_2_point_34/set_2_point_34.mp4,FAN-ZHENDONG,TRULS-MOREGARD,,2025-03-11
FAN-ZHENDONG_vs_TRULS-MOREGARD,35,2,8,9,0,1,TRULS-MOREGARD,FAN-ZHENDONG,4,44,29554,29598,"Lateral_Droit_CD_D2,CD_D_po_M2_2,CD_D_po_D2_3,CD_A_to_D3_4","coup_droit,coup_droit,coup_droit,coup_droit","service,poussette,poussette,topspin","d2,m2,d2,d3",coup_droit,d2,pt_gagne,coup_droit,topspin,1,clips/set_2_point_35/set_2_point_35.mp4,FAN-ZHENDONG,TRULS-MOREGARD,,2025-03-11
FAN-ZHENDONG_vs_TRULS-MOREGARD,36,2,9,9,0,1,FAN-ZHENDONG,FAN-ZHENDONG,5,106,30435,30541,"Lateral_Gauche_CD_M2,R_I_fl_G3_2,R_I_to_G3_3,R_I_to_G3_4,R_A_to_G2_5","coup_droit,revers,revers,revers,revers","service,flip,topspin,topspin,topspin","m2,g3,g3,g3,g2",coup_droit,m2,out,revers,bloc,0,clips/set_2_point_36/set_2_point_36.mp4,FAN-ZHENDONG,TRULS-MOREGARD,,2025-03-11
FAN-ZHENDONG_vs_TRULS-MOREGARD,37,2,10,9,0,1,FAN-ZHENDONG,FAN-ZHENDONG,9,156,31169,31325,"Lateral_Gauche_CD_M2,CD_D_po_M2_2,R_A_to_G3_3,R_I_bl_G3_4,R_A_to_G3_5,R_I_to_M3_6,R_A_to_G3_7,R_A_bl_M2_8,R_A_to_D3_9","coup_droit,coup_droit,revers,revers,revers,revers,revers,revers,revers","service,poussette,topspin,block,topspin,topspin,topspin,block,topspin","m2,m2,g3,g3,g3,m3,g3,m2,d3",coup_droit,m2,out,coup_droit,bloc,0,clips/set_2_point_37/set_2_point_37.mp4,FAN-ZHENDONG,TRULS-MOREGARD,,2025-03-11
FAN-ZHENDONG_vs_TRULS-MOREGARD,38,3,0,0,1,1,FAN-ZHENDONG,TRULS-MOREGARD,6,148,33594,33742,"Lateral_Gauche_CD_M2,CD_D_po_D2_2,CD_D_po_M2_3,CD_D_po_M3_4,R_I_to_G2_5,R_A_bl_D3_6","coup_droit,coup_droit,coup_droit,coup_droit,revers,revers","service,poussette,poussette,poussette,topspin,block","m2,d2,m2,m3,g2,d3",coup_droit,m2,out,coup_droit,bloc,0,clips/set_3_point_38/set_3_point_38.mp4,FAN-ZHENDONG,TRULS-MOREGARD,,2025-03-11
FAN-ZHENDONG_vs_TRULS-MOREGARD,39,3,0,1,1,1,FAN-ZHENDONG,FAN-ZHENDONG,9,127,34193,34320,"Lateral_Gauche_CD_M2,CD_D_po_M2_2,CD_D_po_G2_3,R_I_to_G3_4,R_I_to_G3_5,R_I_to_M3_6,R_I_to_G2_7,R_A_to_G3_8,R_A_to_D2_9","coup_droit,coup_droit,coup_droit,revers,revers,revers,revers,revers,revers","service,poussette,poussette,topspin,topspin,topspin,topspin,topspin,topspin","m2,m2,g2,g3,g3,m3,g2,g3,d2",coup_droit,m2,pt_gagne,revers,topspin,1,clips/set_3_point_39/set_3_point_39.mp4,FAN-ZHENDONG,TRULS-MOREGARD,,2025-03-11
FAN-ZHENDONG_vs_TRULS-MOREGARD,40,3,1,1,1,1,TRULS-MOREGARD,TRULS-MOREGARD,5,79,35080,35159,"Lateral_Droit_CD_G2,R_A_fl_G3_2,R_A_bl_G3_3,R_I_to_G2_4,CD_A_to_D2_5","coup_droit,revers,revers,revers,coup_droit","service,flip,block,topspin,topspin","g2,g3,g3,g2,d2",coup_droit,g2,pt_gagne,coup_droit,topspin,1,clips/set_3_point_40/set_3_point_40.mp4,FAN-ZHENDONG,TRULS-MOREGARD,,2025-03-11
FAN-ZHENDONG_vs_TRULS-MOREGARD,41,3,1,2,1,1,FAN-ZHENDONG,FAN-ZHENDONG,3,35,35646,35681,"Lateral_Gauche_CD_G1,R_D_po_M3_2,R_D_po_G3_3","coup_droit,revers,revers","service,poussette,poussette","g1,m3,g3",coup_droit,,filet,coup_droit,,0,clips/set_3_point_41/set_3_point_41.mp4,FAN-ZHENDONG,TRULS-MOREGARD,,2025-03-11
FAN-ZHENDONG_vs_TRULS-MOREGARD,42,3,2,2,1,1,FAN-ZHENDONG,FAN-ZHENDONG,8,105,36191,36296,"Lateral_Gauche_CD_G2,CD_I_to_M3_2,CD_A_to_G2_3,R_I_to_G2_4,R_A_to_G2_5,R_I_bl_M3_6,R_A_to_M2_7,R_I_bl_D3_8","coup_droit,coup_droit,coup_droit,revers,revers,revers,revers,revers","service,topspin,topspin,topspin,topspin,block,topspin,block","g2,m3,g2,g2,g2,m3,m2,d3",coup_droit,g1,filet,coup_droit,topspin,0,clips/set_3_point_42/set_3_point_42.mp4,FAN-ZHENDONG,TRULS-MOREGARD,,2025-03-11
FAN-ZHENDONG_vs_TRULS-MOREGARD,43,3,3,2,1,1,TRULS-MOREGARD,TRULS-MOREGARD,16,153,36926,37079,"Lateral_Droit_CD_D2,CD_D_po_G1_2,R_D_po_D2_3,CD_I_to_D2_4,CD_I_to_D3_5,CD_I_to_M2_6,R_I_to_D3_7,CD_A_to_G3_8,R_A_to_M3_9,CD_A_to_D2_10,CD_I_to_G2_11,CD_A_to_D2_12,CD_I_to_G3_13,CD_A_to_D2_14,CD_I_to_D2_15,CD_A_to_G3_16","coup_droit,coup_droit,revers,coup_droit,coup_droit,coup_droit,revers,coup_droit,revers,coup_droit,coup_droit,coup_droit,coup_droit,coup_droit,coup_droit,coup_droit","service,poussette,poussette,topspin,topspin,topspin,topspin,topspin,topspin,topspin,topspin,topspin,topspin,topspin,topspin,topspin","d2,g1,d2,d2,d3,m2,d3,g3,m3,d2,g2,d2,g3,d2,d2,g3",coup_droit,g2,filet,coup_droit,topspin,0,clips/set_3_point_43/set_3_point_43.mp4,FAN-ZHENDONG,TRULS-MOREGARD,,2025-03-11
FAN-ZHENDONG_vs_TRULS-MOREGARD,44,3,3,3,1,1,TRULS-MOREGARD,FAN-ZHENDONG,2,281,37757,38038,"Lateral_Droit_CD_G3,R_I_to_G2_2","coup_droit,revers","service,topspin","g3,g2",coup_droit,d2,out,revers,bloc,0,clips/set_3_point_44/set_3_point_44.mp4,FAN-ZHENDONG,TRULS-MOREGARD,,2025-03-11
FAN-ZHENDONG_vs_TRULS-MOREGARD,45,3,4,3,1,1,FAN-ZHENDONG,FAN-ZHENDONG,1,47,38846,38893,Lateral_Gauche_CD_D1,coup_droit,service,d1,coup_droit,g3,out,revers,bloc,0,clips/set_3_point_45/set_3_point_45.mp4,FAN-ZHENDONG,TRULS-MOREGARD,,2025-03-11
FAN-ZHENDONG_vs_TRULS-MOREGARD,46,3,5,3,1,1,FAN-ZHENDONG,FAN-ZHENDONG,3,51,39449,39500,"Lateral_Gauche_CD_M1,CD_D_po_G3_2,R_I_to_G2_3","coup_droit,coup_droit,revers","service,poussette,topspin","m1,g3,g2",coup_droit,d1,out,revers,flip,0,clips/set_3_point_46/set_3_point_46.mp4,FAN-ZHENDONG,TRULS-MOREGARD,,2025-03-11
FAN-ZHENDONG_vs_TRULS-MOREGARD,47,3,6,3,1,1,TRULS-MOREGARD,FAN-ZHENDONG,3,87,39958,40045,"Lateral_Droit_CD_G2,R_D_po_G2_2,CD_A_to_D3_3","coup_droit,revers,coup_droit","service,poussette,topspin","g2,g2,d3",coup_droit,m1,out,revers,bloc,0,clips/set_3_point_47/set_3_point_47.mp4,FAN-ZHENDONG,TRULS-MOREGARD,,2025-03-11
FAN-ZHENDONG_vs_TRULS-MOREGARD,48,3,7,3,1,1,TRULS-MOREGARD,TRULS-MOREGARD,5,49,40516,40565,"Lateral_Droit_CD_D2,CD_D_po_M1_2,CD_D_po_D2_3,CD_D_po_G3_4,R_A_to_G3_5","coup_droit,coup_droit,coup_droit,coup_droit,revers","service,poussette,poussette,poussette,topspin","d2,m1,d2,g3,g3",coup_droit,g2,pt_gagne,coup_droit,topspin,1,clips/set_3_point_48/set_3_point_48.mp4,FAN-ZHENDONG,TRULS-MOREGARD,,2025-03-11
FAN-ZHENDONG_vs_TRULS-MOREGARD,49,3,7,4,1,1,FAN-ZHENDONG,TRULS-MOREGARD,8,95,41058,41153,"Lateral_Gauche_CD_M1,CD_D_po_D2_2,CD_D_po_G1_3,R_D_po_M3_4,CD_A_to_G2_5,R_I_bl_M3_6,CD_D_po_G3_7,CD_A_to_G3_8","coup_droit,coup_droit,coup_droit,revers,coup_droit,revers,coup_droit,coup_droit","service,poussette,poussette,poussette,topspin,block,poussette,topspin","m1,d2,g1,m3,g2,m3,g3,g3",coup_droit,d2,out,revers,topspin,0,clips/set_3_point_49/set_3_point_49.mp4,FAN-ZHENDONG,TRULS-MOREGARD,,2025-03-11
FAN-ZHENDONG_vs_TRULS-MOREGARD,50,3,7,5,1,1,FAN-ZHENDONG,TRULS-MOREGARD,4,153,42053,42206,"Lateral_Droit_CD_G2,CD_D_po_M3_2,R_A_to_G3_3,CD_A_to_G3_4","coup_droit,coup_droit,revers,coup_droit","service,poussette,topspin,topspin","g2,m3,g3,g3",coup_droit,m1,filet,revers,topspin,0,clips/set_3_point_50/set_3_point_50.mp4,FAN-ZHENDONG,TRULS-MOREGARD,,2025-03-11
FAN-ZHENDONG_vs_TRULS-MOREGARD,51,3,7,6,1,1,TRULS-MOREGARD,TRULS-MOREGARD,1,91,44625,44716,Lateral_Gauche_CD_D2,coup_droit,service,d2,coup_droit,g2,out,revers,topspin,0,clips/set_3_point_51/set_3_point_51.mp4,FAN-ZHENDONG,TRULS-MOREGARD,,2025-03-11
FAN-ZHENDONG_vs_TRULS-MOREGARD,52,3,7,7,1,1,TRULS-MOREGARD,TRULS-MOREGARD,16,37,45226,45263,"Lateral_Droit_CD_D2,CD_D_po_M2_2,CD_D_po_G3_3,R_I_to_G2_4,R_I_bl_D3_5,CD_D_po_G3_6,CD_A_to_G3_7,R_I_to_D3_8,CD_I_bl_G3_9,R_A_to_G3_10,R_I_bl_D3_11,CD_A_to_M3_12,R_I_bl_D2_13,CD_A_to_G2_14,CD_A_to_G2_15,CD_A_to_G2_16","coup_droit,coup_droit,coup_droit,revers,revers,coup_droit,coup_droit,revers,coup_droit,revers,revers,coup_droit,revers,coup_droit,coup_droit,coup_droit","service,poussette,poussette,topspin,block,poussette,topspin,topspin,block,topspin,block,topspin,block,topspin,topspin,topspin","d2,m2,g3,g2,d3,g3,g3,d3,g3,g3,d3,m3,d2,g2,g2,g2",coup_droit,d2,filet,coup_droit,poussette,0,clips/set_3_point_52/set_3_point_52.mp4,FAN-ZHENDONG,TRULS-MOREGARD,,2025-03-11
FAN-ZHENDONG_vs_TRULS-MOREGARD,53,3,7,8,1,1,FAN-ZHENDONG,FAN-ZHENDONG,1,363,45711,46074,Lateral_Droit_CD_G2,coup_droit,service,g2,coup_droit,d2,out,revers,topspin,0,clips/set_3_point_53/set_3_point_53.mp4,FAN-ZHENDONG,TRULS-MOREGARD,,2025-03-11
FAN-ZHENDONG_vs_TRULS-MOREGARD,54,3,8,8,1,1,FAN-ZHENDONG,FAN-ZHENDONG,5,52,47034,47086,"Lateral_Droit_CD_G2,R_D_po_D2_2,CD_D_po_G2_3,R_I_to_G3_4,CD_A_to_M2_5","coup_droit,revers,coup_droit,revers,coup_droit","service,poussette,poussette,topspin,topspin","g2,d2,g2,g3,m2",coup_droit,g2,filet,coup_droit,poussette,0,clips/set_3_point_54/set_3_point_54.mp4,FAN-ZHENDONG,TRULS-MOREGARD,,2025-03-11
FAN-ZHENDONG_vs_TRULS-MOREGARD,55,3,9,8,1,1,TRULS-MOREGARD,FAN-ZHENDONG,5,109,47766,47875,"Lateral_Droit_CD_G2,R_A_fl_G3_2,R_I_bl_D3_3,CD_I_to_G3_4,R_I_bl_M3_5","coup_droit,revers,revers,coup_droit,revers","service,flip,block,topspin,block","g2,g3,d3,g3,m3",coup_droit,g2,filet,coup_droit,bloc,0,clips/set_3_point_55/set_3_point_55.mp4,FAN-ZHENDONG,TRULS-MOREGARD,,2025-03-11
FAN-ZHENDONG_vs_TRULS-MOREGARD,56,3,10,8,1,1,TRULS-MOREGARD,TRULS-MOREGARD,8,100,48646,48746,"Lateral_Gauche_CD_D2,CD_D_po_G1_2,CD_D_po_M2_3,R_A_to_G2_4,R_A_bl_M3_5,R_I_to_G2_6,CD_A_to_D3_7,CD_A_to_D2_8","coup_droit,coup_droit,coup_droit,revers,revers,revers,coup_droit,coup_droit","service,poussette,poussette,topspin,block,topspin,topspin,topspin","d2,g1,m2,g2,m3,g2,d3,d2",coup_droit,g2,filet,coup_droit,poussette,0,clips/set_3_point_56/set_3_point_56.mp4,FAN-ZHENDONG,TRULS-MOREGARD,,2025-03-11
FAN-ZHENDONG_vs_TRULS-MOREGARD,57,4,10,9,1,1,TRULS-MOREGARD,FAN-ZHENDONG,5,114,49348,49462,"Lateral_Droit_CD_D1,CD_D_po_G3_2,R_D_po_M1_3,R_A_fl_G3_4,R_A_bl_G2_5","coup_droit,coup_droit,revers,revers,revers","service,poussette,poussette,flip,block","d1,g3,m1,g3,g2",coup_droit,d2,pt_gagne,coup_droit,topspin,1,,FAN-ZHENDONG,TRULS-MOREGARD,,2025-03-11
FAN-ZHENDONG_vs_TRULS-MOREGARD,58,4,0,0,2,1,TRULS-MOREGARD,TRULS-MOREGARD,3,105,51795,51900,"Lateral_Droit_CD_G3,R_I_to_D3_2,CD_A_to_G3_3","coup_droit,revers,coup_droit","service,topspin,topspin","g3,d3,g3",coup_droit,d1,out,revers,topspin,0,clips/set_4_point_58/set_4_point_58.mp4,FAN-ZHENDONG,TRULS-MOREGARD,,2025-03-11
FAN-ZHENDONG_vs_TRULS-MOREGARD,59,4,0,1,2,1,FAN-ZHENDONG,TRULS-MOREGARD,3,64,52267,52331,"Lateral_Droit_CD_M2,R_D_po_M3_2,CD_A_to_M3_3","coup_droit,revers,coup_droit","service,poussette,topspin","m2,m3,m3",coup_droit,g3,out,revers,topspin,0,clips/set_4_point_59/set_4_point_59.mp4,FAN-ZHENDONG,TRULS-MOREGARD,,2025-03-11
FAN-ZHENDONG_vs_TRULS-MOREGARD,60,4,0,2,2,1,FAN-ZHENDONG,FAN-ZHENDONG,7,52,52778,52830,"Lateral_Droit_CD_G2,R_D_po_G3_2,R_I_to_M3_3,R_A_bl_D3_4,CD_I_to_G3_5,R_I_to_G1_6,R_I_to_D3_7","coup_droit,revers,revers,revers,coup_droit,revers,revers","service,poussette,topspin,block,topspin,topspin,topspin","g2,g3,m3,d3,g3,g1,d3",coup_droit,m2,out,coup_droit,topspin,0,clips/set_4_point_60/set_4_point_60.mp4,FAN-ZHENDONG,TRULS-MOREGARD,,2025-03-11
FAN-ZHENDONG_vs_TRULS-MOREGARD,61,4,1,2,2,1,TRULS-MOREGARD,FAN-ZHENDONG,2,130,53330,53460,"Lateral_Droit_CD_M3,R_A_to_D3_2","coup_droit,revers","service,topspin","m3,d3",coup_droit,g2,filet,coup_droit,topspin,0,clips/set_4_point_61/set_4_point_61.mp4,FAN-ZHENDONG,TRULS-MOREGARD,,2025-03-11
FAN-ZHENDONG_vs_TRULS-MOREGARD,62,4,2,2,2,1,TRULS-MOREGARD,FAN-ZHENDONG,3,46,54203,54249,"Lateral_Droit_CD_G1,R_D_po_M2_2,R_I_to_G3_3","coup_droit,revers,revers","service,poussette,topspin","g1,m2,g3",coup_droit,m3,pt_gagne,revers,topspin,1,clips/set_4_point_62/set_4_point_62.mp4,FAN-ZHENDONG,TRULS-MOREGARD,,2025-03-11
FAN-ZHENDONG_vs_TRULS-MOREGARD,63,4,3,2,2,1,FAN-ZHENDONG,TRULS-MOREGARD,3,79,54820,54899,"Lateral_Droit_CD_M2,R_I_to_M3_2,CD_A_to_D2_3","coup_droit,revers,coup_droit","service,topspin,topspin","m2,m3,d2",coup_droit,g1,out,coup_droit,bloc,0,clips/set_4_point_63/set_4_point_63.mp4,FAN-ZHENDONG,TRULS-MOREGARD,,2025-03-11
FAN-ZHENDONG_vs_TRULS-MOREGARD,64,4,3,3,2,1,FAN-ZHENDONG,FAN-ZHENDONG,3,60,55618,55678,"Lateral_Droit_CD_M2,R_A_fl_G2_2,R_I_to_M3_3","coup_droit,revers,revers","service,flip,topspin","m2,g2,m3",coup_droit,m2,filet,coup_droit,bloc,0,clips/set_4_point_64/set_4_point_64.mp4,FAN-ZHENDONG,TRULS-MOREGARD,,2025-03-11
FAN-ZHENDONG_vs_TRULS-MOREGARD,65,4,4,3,2,1,TRULS-MOREGARD,FAN-ZHENDONG,4,81,56226,56307,"Lateral_Droit_CD_G2,R_I_to_M2_2,R_A_bl_D3_3,CD_I_to_M3_4","coup_droit,revers,revers,coup_droit","service,topspin,block,topspin","g2,m2,d3,m3",coup_droit,m2,filet,coup_droit,topspin,0,clips/set_4_point_65/set_4_point_65.mp4,FAN-ZHENDONG,TRULS-MOREGARD,,2025-03-11
FAN-ZHENDONG_vs_TRULS-MOREGARD,66,4,5,3,2,1,TRULS-MOREGARD,FAN-ZHENDONG,14,65,56878,56943,"Lateral_Droit_CD_G1,R_I_to_G3_2,R_A_bl_G2_3,R_I_to_D3_4,CD_I_bl_M2_5,CD_A_to_M3_6,R_I_to_G2_7,CD_A_to_G3_8,R_I_to_M2_9,CD_A_to_D3_10,CD_I_to_D2_11,CD_I_to_D2_12,CD_I_to_D2_13,CD_I_to_M3_14","coup_droit,revers,revers,revers,coup_droit,coup_droit,revers,coup_droit,revers,coup_droit,coup_droit,coup_droit,coup_droit,coup_droit","service,topspin,block,topspin,block,topspin,topspin,topspin,topspin,topspin,topspin,topspin,topspin,topspin","g1,g3,g2,d3,m2,m3,g2,g3,m2,d3,d2,d2,d2,m3",coup_droit,g2,filet,coup_droit,topspin,0,clips/set_4_point_66/set_4_point_66.mp4,FAN-ZHENDONG,TRULS-MOREGARD,,2025-03-11
FAN-ZHENDONG_vs_TRULS-MOREGARD,67,4,6,3,2,1,FAN-ZHENDONG,FAN-ZHENDONG,2,267,57443,57710,"Lateral_Droit_CD_G3,CD_A_to_M3_2","coup_droit,coup_droit","service,topspin","g3,m3",coup_droit,g1,out,revers,topspin,0,clips/set_4_point_67/set_4_point_67.mp4,FAN-ZHENDONG,TRULS-MOREGARD,,2025-03-11
FAN-ZHENDONG_vs_TRULS-MOREGARD,68,4,7,3,2,1,FAN-ZHENDONG,TRULS-MOREGARD,5,68,58460,58528,"Lateral_Droit_CD_G3,R_I_to_G2_2,R_A_to_M3_3,R_I_to_G2_4,R_A_to_G3_5","coup_droit,revers,revers,revers,revers","service,topspin,topspin,topspin,topspin","g3,g2,m3,g2,g3",coup_droit,g3,filet,coup_droit,topspin,0,clips/set_4_point_68/set_4_point_68.mp4,FAN-ZHENDONG,TRULS-MOREGARD,,2025-03-11
FAN-ZHENDONG_vs_TRULS-MOREGARD,69,4,7,4,2,1,TRULS-MOREGARD,FAN-ZHENDONG,6,89,59206,59295,"Lateral_Droit_CD_D2,CD_A_fl_D3_2,CD_I_bl_G3_3,R_I_to_M3_4,R_I_bl_M3_5,CD_A_to_D2_6","coup_droit,coup_droit,coup_droit,revers,revers,coup_droit","service,flip,block,topspin,block,topspin","d2,d3,g3,m3,m3,d2",coup_droit,g3,filet,revers,bloc,0,clips/set_4_point_69/set_4_point_69.mp4,FAN-ZHENDONG,TRULS-MOREGARD,,2025-03-11
FAN-ZHENDONG_vs_TRULS-MOREGARD,70,4,8,4,2,1,TRULS-MOREGARD,FAN-ZHENDONG,9,133,60323,60456,"Lateral_Droit_CD_G1,R_D_po_M2_2,R_I_fl_M3_3,R_I_to_G3_4,CD_A_to_G3_5,R_I_to_G2_6,R_I_bl_M2_7,R_I_to_M3_8,CD_I_to_M3_9","coup_droit,revers,revers,revers,coup_droit,revers,revers,revers,coup_droit","service,poussette,flip,topspin,topspin,topspin,block,topspin,topspin","g1,m2,m3,g3,g3,g2,m2,m3,m3",coup_droit,d2,filet,coup_droit,bloc,0,clips/set_4_point_70/set_4_point_70.mp4,FAN-ZHENDONG,TRULS-MOREGARD,,2025-03-11
FAN-ZHENDONG_vs_TRULS-MOREGARD,71,4,9,4,2,1,FAN-ZHENDONG,TRULS-MOREGARD,4,140,61076,61216,"Lateral_Droit_CD_M2,R_D_po_D2_2,CD_D_po_G3_3,R_I_to_D3_4","coup_droit,revers,coup_droit,revers","service,poussette,poussette,topspin","m2,d2,g3,d3",coup_droit,g1,pt_gagne,coup_droit,topspin,1,clips/set_4_point_71/set_4_point_71.mp4,FAN-ZHENDONG,TRULS-MOREGARD,,2025-03-11
FAN-ZHENDONG_vs_TRULS-MOREGARD,72,4,9,5,2,1,FAN-ZHENDONG,TRULS-MOREGARD,4,106,61946,62052,"Lateral_Droit_CD_M2,CD_D_po_G2_2,R_I_to_G3_3,R_I_bl_D2_4","coup_droit,coup_droit,revers,revers","service,poussette,topspin,block","m2,g2,g3,d2",coup_droit,m2,out,coup_droit,bloc,0,clips/set_4_point_72/set_4_point_72.mp4,FAN-ZHENDONG,TRULS-MOREGARD,,2025-03-11
FAN-ZHENDONG_vs_TRULS-MOREGARD,73,4,9,6,2,1,TRULS-MOREGARD,TRULS-MOREGARD,3,83,62712,62795,"Lateral_Droit_CD_D1,CD_D_po_D3_2,CD_I_to_G3_3","coup_droit,coup_droit,coup_droit","service,poussette,topspin","d1,d3,g3",coup_droit,m2,pt_gagne,revers,bloc,1,clips/set_4_point_73/set_4_point_73.mp4,FAN-ZHENDONG,TRULS-MOREGARD,,2025-03-11
FAN-ZHENDONG_vs_TRULS-MOREGARD,74,4,9,7,2,1,TRULS-MOREGARD,TRULS-MOREGARD,2,70,63452,63522,"Lateral_Droit_CD_D2,CD_A_to_D3_2","coup_droit,coup_droit","service,topspin","d2,d3",coup_droit,d1,out,revers,topspin,0,clips/set_4_point_74/set_4_point_74.mp4,FAN-ZHENDONG,TRULS-MOREGARD,,2025-03-11
FAN-ZHENDONG_vs_TRULS-MOREGARD,75,4,9,8,2,1,FAN-ZHENDONG,FAN-ZHENDONG,7,50,64022,64072,"Lateral_Droit_CD_G2,R_D_po_M1_2,CD_D_po_G3_3,R_D_po_M1_4,CD_D_po_M2_5,CD_A_to_D2_6,CD_I_bl_G2_7","coup_droit,revers,coup_droit,revers,coup_droit,coup_droit,coup_droit","service,poussette,poussette,poussette,poussette,topspin,block","g2,m1,g3,m1,m2,d2,g2",coup_droit,d2,out,coup_droit,bloc,0,clips/set_4_point_75/set_4_point_75.mp4,FAN-ZHENDONG,TRULS-MOREGARD,,2025-03-11
FAN-ZHENDONG_vs_TRULS-MOREGARD,76,5,10,8,2,1,FAN-ZHENDONG,FAN-ZHENDONG,7,137,64869,65006,"Lateral_Droit_CD_M2,R_I_fl_D3_2,CD_A_to_M2_3,R_I_bl_G3_4,R_I_to_G2_5,R_I_to_M3_6,R_A_to_G3_7","coup_droit,revers,coup_droit,revers,revers,revers,revers","service,flip,topspin,block,topspin,topspin,topspin","m2,d3,m2,g3,g2,m3,g3",coup_droit,g2,out,coup_droit,bloc,0,,FAN-ZHENDONG,TRULS-MOREGARD,,2025-03-11
FAN-ZHENDONG_vs_TRULS-MOREGARD,77,5,0,0,3,1,FAN-ZHENDONG,FAN-ZHENDONG,1,148,67130,67278,Lateral_Droit_CD_M2,coup_droit,service,m2,coup_droit,m2,out,revers,topspin,0,clips/set_5_point_77/set_5_point_77.mp4,FAN-ZHENDONG,TRULS-MOREGARD,,2025-03-11
FAN-ZHENDONG_vs_TRULS-MOREGARD,78,5,1,0,3,1,TRULS-MOREGARD,FAN-ZHENDONG,4,63,67598,67661,"Lateral_Droit_CD_M2,R_A_fl_G2_2,CD_A_to_G2_3,R_I_to_M2_4","coup_droit,revers,coup_droit,revers","service,flip,topspin,topspin","m2,g2,g2,m2",coup_droit,m2,out,coup_droit,poussette,0,clips/set_5_point_78/set_5_point_78.mp4,FAN-ZHENDONG,TRULS-MOREGARD,,2025-03-11
FAN-ZHENDONG_vs_TRULS-MOREGARD,79,5,2,0,3,1,TRULS-MOREGARD,FAN-ZHENDONG,3,92,68031,68123,"Lateral_Gauche_CD_D2,CD_D_po_G2_2,CD_A_to_G3_3","coup_droit,coup_droit,coup_droit","service,poussette,topspin","d2,g2,g3",coup_droit,m2,out,coup_droit,topspin,0,clips/set_5_point_79/set_5_point_79.mp4,FAN-ZHENDONG,TRULS-MOREGARD,,2025-03-11
FAN-ZHENDONG_vs_TRULS-MOREGARD,80,5,3,0,3,1,FAN-ZHENDONG,TRULS-MOREGARD,7,68,70102,70170,"Lateral_Droit_CD_D1,CD_D_po_D2_2,CD_D_po_G2_3,R_I_to_M3_4,CD_A_to_D2_5,CD_I_bl_M3_6,CD_A_to_D2_7","coup_droit,coup_droit,coup_droit,revers,coup_droit,coup_droit,coup_droit","service,poussette,poussette,topspin,topspin,block,topspin","d1,d2,g2,m3,d2,m3,d2",coup_droit,d2,filet,revers,bloc,0,clips/set_5_point_80/set_5_point_80.mp4,FAN-ZHENDONG,TRULS-MOREGARD,,2025-03-11
FAN-ZHENDONG_vs_TRULS-MOREGARD,81,5,3,1,3,1,FAN-ZHENDONG,FAN-ZHENDONG,5,165,70620,70785,"Lateral_Droit_CD_D2,CD_D_po_G3_2,R_I_to_M2_3,R_I_bl_G3_4,R_A_to_M2_5","coup_droit,coup_droit,revers,revers,revers","service,poussette,topspin,block,topspin","d2,g3,m2,g3,m2",coup_droit,d1,out,coup_droit,bloc,0,clips/set_5_point_81/set_5_point_81.mp4,FAN-ZHENDONG,TRULS-MOREGARD,,2025-03-11
FAN-ZHENDONG_vs_TRULS-MOREGARD,82,5,4,1,3,1,TRULS-MOREGARD,FAN-ZHENDONG,6,120,71185,71305,"Lateral_Droit_CD_D2,CD_D_po_G1_2,CD_D_po_D2_3,CD_D_po_G2_4,R_I_to_M2_5,CD_I_to_M2_6","coup_droit,coup_droit,coup_droit,coup_droit,revers,coup_droit","service,poussette,poussette,poussette,topspin,topspin","d2,g1,d2,g2,m2,m2",coup_droit,d2,out,revers,bloc,0,clips/set_5_point_82/set_5_point_82.mp4,FAN-ZHENDONG,TRULS-MOREGARD,,2025-03-11
FAN-ZHENDONG_vs_TRULS-MOREGARD,83,5,5,1,3,1,TRULS-MOREGARD,FAN-ZHENDONG,6,98,71843,71941,"Lateral_Droit_CD_G3,R_I_to_G2_2,R_I_bl_M2_3,CD_D_po_D1_4,CD_A_to_D3_5,CD_A_to_D3_6","coup_droit,revers,revers,coup_droit,coup_droit,coup_droit","service,topspin,block,poussette,topspin,topspin","g3,g2,m2,d1,d3,d3",coup_droit,d2,out,revers,bloc,0,clips/set_5_point_83/set_5_point_83.mp4,FAN-ZHENDONG,TRULS-MOREGARD,,2025-03-11
FAN-ZHENDONG_vs_TRULS-MOREGARD,84,5,6,1,3,1,FAN-ZHENDONG,FAN-ZHENDONG,4,99,72332,72431,"Lateral_Droit_CD_G1,R_D_po_M3_2,CD_I_to_G2_3,R_A_bl_D3_4","coup_droit,revers,coup_droit,revers","service,poussette,topspin,block","g1,m3,g2,d3",coup_droit,g3,pt_gagne,coup_droit,topspin,1,clips/set_5_point_84/set_5_point_84.mp4,FAN-ZHENDONG,TRULS-MOREGARD,,2025-03-11
FAN-ZHENDONG_vs_TRULS-MOREGARD,85,5,7,1,3,1,FAN-ZHENDONG,TRULS-MOREGARD,5,66,73018,73084,"Lateral_Droit_CD_M2,CD_D_po_G2_2,R_D_po_M3_3,R_I_to_G3_4,R_A_to_M2_5","coup_droit,coup_droit,revers,revers,revers","service,poussette,poussette,topspin,topspin","m2,g2,m3,g3,m2",coup_droit,g1,pt_gagne,revers,bloc,1,clips/set_5_point_85/set_5_point_85.mp4,FAN-ZHENDONG,TRULS-MOREGARD,,2025-03-11
FAN-ZHENDONG_vs_TRULS-MOREGARD,86,5,7,2,3,1,TRULS-MOREGARD,FAN-ZHENDONG,4,116,73619,73735,"Lateral_Droit_CD_D2,CD_D_po_G2_2,R_A_to_G3_3,R_A_to_D3_4","coup_droit,coup_droit,revers,revers","service,poussette,topspin,topspin","d2,g2,g3,d3",coup_droit,m2,out,revers,bloc,0,clips/set_5_point_86/set_5_point_86.mp4,FAN-ZHENDONG,TRULS-MOREGARD,,2025-03-11
FAN-ZHENDONG_vs_TRULS-MOREGARD,87,5,8,2,3,1,TRULS-MOREGARD,FAN-ZHENDONG,7,58,74143,74201,"Lateral_Gauche_CD_G3,R_I_to_G3_2,R_I_bl_M2_3,R_D_po_M2_4,CD_D_po_D2_5,CD_D_po_G2_6,CD_D_co_D1_7","coup_droit,revers,revers,revers,coup_droit,coup_droit,coup_droit","service,topspin,block,poussette,poussette,poussette,inconnu","g3,g3,m2,m2,d2,g2,d1",coup_droit,d2,pt_gagne,revers,topspin,1,clips/set_5_point_87/set_5_point_87.mp4,FAN-ZHENDONG,TRULS-MOREGARD,,2025-03-11
FAN-ZHENDONG_vs_TRULS-MOREGARD,88,5,9,2,3,1,FAN-ZHENDONG,TRULS-MOREGARD,3,195,74585,74780,"Lateral_Droit_CD_M2,R_I_fl_M3_2,CD_I_to_G3_3","coup_droit,revers,coup_droit","service,flip,topspin","m2,m3,g3",coup_droit,g3,pt_gagne,coup_droit,coupe,1,clips/set_5_point_88/set_5_point_88.mp4,FAN-ZHENDONG,TRULS-MOREGARD,,2025-03-11
FAN-ZHENDONG_vs_TRULS-MOREGARD,89,5,9,3,3,1,FAN-ZHENDONG,FAN-ZHENDONG,4,46,75871,75917,"Lateral_Droit_CD_M2,CD_D_po_D3_2,CD_I_to_D2_3,CD_A_to_G3_4","coup_droit,coup_droit,coup_droit,coup_droit","service,poussette,topspin,topspin","m2,d3,d2,g3",coup_droit,m2,out,revers,bloc,0,clips/set_5_point_89/set_5_point_89.mp4,FAN-ZHENDONG,TRULS-MOREGARD,,2025-03-11
FAN-ZHENDONG_vs_TRULS-MOREGARD,90,5,10,3,3,1,TRULS-MOREGARD,TRULS-MOREGARD,3,38,76275,76313,"Lateral_Droit_CD_G2,R_D_po_G2_2,R_I_to_M3_3","coup_droit,revers,revers","service,poussette,topspin","g2,g2,m3",coup_droit,m2,pt_gagne,coup_droit,topspin,1,clips/set_5_point_90/set_5_point_90.mp4,FAN-ZHENDONG,TRULS-MOREGARD,,2025-03-11
FAN-ZHENDONG_vs_TRULS-MOREGARD,91,5,10,4,3,1,TRULS-MOREGARD,TRULS-MOREGARD,3,65,76645,76710,"Lateral_Droit_CD_D3,CD_I_to_G3_2,R_I_bl_M3_3","coup_droit,coup_droit,revers","service,topspin,block","d3,g3,m3",coup_droit,g2,filet,revers,topspin,0,clips/set_5_point_91/set_5_point_91.mp4,FAN-ZHENDONG,TRULS-MOREGARD,,2025-03-11
FAN-ZHENDONG_vs_TRULS-MOREGARD,92,5,10,5,3,1,FAN-ZHENDONG,TRULS-MOREGARD,4,74,77050,77124,"Lateral_Droit_CD_M2,CD_D_po_M2_2,CD_D_po_G3_3,R_I_to_G3_4","coup_droit,coup_droit,coup_droit,revers","service,poussette,poussette,topspin","m2,m2,g3,g3",coup_droit,d3,filet,revers,topspin,0,clips/set_5_point_92/set_5_point_92.mp4,FAN-ZHENDONG,TRULS-MOREGARD,,2025-03-11
FAN-ZHENDONG_vs_TRULS-MOREGARD,93,5,10,6,3,1,FAN-ZHENDONG,TRULS-MOREGARD,6,86,77664,77750,"Lateral_Droit_CD_D2,CD_D_po_G3_2,R_I_to_M2_3,R_I_bl_M3_4,CD_D_po_M3_5,CD_A_to_D3_6","coup_droit,coup_droit,revers,revers,coup_droit,coup_droit","service,poussette,topspin,block,poussette,topspin","d2,g3,m2,m3,m3,d3",coup_droit,m2,filet,revers,topspin,0,clips/set_5_point_93/set_5_point_93.mp4,FAN-ZHENDONG,TRULS-MOREGARD,,2025-03-11
FAN-ZHENDONG_vs_TRULS-MOREGARD,94,5,10,7,3,1,TRULS-MOREGARD,TRULS-MOREGARD,2,93,78638,78731,"Lateral_Gauche_CD_G3,R_A_to_D2_2","coup_droit,revers","service,topspin","g3,d2",coup_droit,d2,pt_gagne,coup_droit,topspin,1,clips/set_5_point_94/set_5_point_94.mp4,FAN-ZHENDONG,TRULS-MOREGARD,,2025-03-11
HUGO-CALDERANO_vs_FELIX-LEBRUN,0,1,0,0,0,0,HUGO-CALDERANO,HUGO-CALDERANO,1,79,8758,8837,Lateral_Droit_CD_M1,coup_droit,service,m1,coup_droit,m1,out,revers,flip,0,clips/set_1_point_0/set_1_point_0.mp4,HUGO-CALDERANO,FELIX-LEBRUN,,2025-08-04
HUGO-CALDERANO_vs_FELIX-LEBRUN,1,1,1,0,0,0,HUGO-CALDERANO,FELIX-LEBRUN,2,65,9076,9141,"Lateral_Droit_CD_G3,R_I_to_G2_2","coup_droit,revers","service,topspin","g3,g2",coup_droit,g3,filet,revers,topspin,0,clips/set_1_point_1/set_1_point_1.mp4,HUGO-CALDERANO,FELIX-LEBRUN,,2025-08-04
HUGO-CALDERANO_vs_FELIX-LEBRUN,2,1,1,1,0,0,FELIX-LEBRUN,HUGO-CALDERANO,2,46,9340,9386,"Lateral_Droit_CD_M3,R_A_to_G2_2","coup_droit,revers","service,topspin","m3,g2",coup_droit,m3,out,revers,bloc,0,clips/set_1_point_2/set_1_point_2.mp4,HUGO-CALDERANO,FELIX-LEBRUN,,2025-08-04
HUGO-CALDERANO_vs_FELIX-LEBRUN,3,1,2,1,0,0,FELIX-LEBRUN,FELIX-LEBRUN,3,55,9561,9616,"Lateral_Droit_CD_G3,R_A_to_D2_2,CD_I_to_G3_3","coup_droit,revers,coup_droit","service,topspin,topspin","g3,d2,g3",coup_droit,g3,out,revers,topspin,0,clips/set_1_point_3/set_1_point_3.mp4,HUGO-CALDERANO,FELIX-LEBRUN,,2025-08-04
HUGO-CALDERANO_vs_FELIX-LEBRUN,4,1,2,2,0,0,HUGO-CALDERANO,HUGO-CALDERANO,3,89,9979,10068,"Lateral_Droit_CD_M1,CD_D_po_G2_2,CD_A_to_M3_3","coup_droit,coup_droit,coup_droit","service,poussette,topspin","m1,g2,m3",coup_droit,m1,filet,coup_droit,bloc,0,clips/set_1_point_4/set_1_point_4.mp4,HUGO-CALDERANO,FELIX-LEBRUN,,2025-08-04
HUGO-CALDERANO_vs_FELIX-LEBRUN,5,1,3,2,0,0,HUGO-CALDERANO,HUGO-CALDERANO,3,97,10375,10472,"Lateral_Droit_CD_D1,CD_D_po_D2_2,CD_D_po_M1_3","coup_droit,coup_droit,coup_droit","service,poussette,poussette","d1,d2,m1",coup_droit,d1,filet,revers,flip,0,clips/set_1_point_5/set_1_point_5.mp4,HUGO-CALDERANO,FELIX-LEBRUN,,2025-08-04
HUGO-CALDERANO_vs_FELIX-LEBRUN,6,1,4,2,0,0,FELIX-LEBRUN,FELIX-LEBRUN,1,25,10829,10854,Lateral_Droit_CD_D2,coup_droit,service,d2,coup_droit,d2,filet,coup_droit,poussette,0,clips/set_1_point_6/set_1_point_6.mp4,HUGO-CALDERANO,FELIX-LEBRUN,,2025-08-04
HUGO-CALDERANO_vs_FELIX-LEBRUN,7,1,4,3,0,0,FELIX-LEBRUN,FELIX-LEBRUN,5,78,11049,11127,"Lateral_Gauche_CD_D2,CD_I_to_G2_2,R_A_to_M3_3,R_I_bl_M2_4,R_I_to_G2_5","coup_droit,coup_droit,revers,revers,revers","service,topspin,topspin,block,topspin","d2,g2,m3,m2,g2",coup_droit,d2,out,revers,topspin,0,clips/set_1_point_7/set_1_point_7.mp4,HUGO-CALDERANO,FELIX-LEBRUN,,2025-08-04
HUGO-CALDERANO_vs_FELIX-LEBRUN,8,1,4,4,0,0,HUGO-CALDERANO,FELIX-LEBRUN,2,68,11540,11608,"Lateral_Droit_CD_G1,R_D_po_G1_2","coup_droit,revers","service,poussette","g1,g1",coup_droit,g1,pt_gagne,revers,poussette,1,clips/set_1_point_8/set_1_point_8.mp4,HUGO-CALDERANO,FELIX-LEBRUN,,2025-08-04
HUGO-CALDERANO_vs_FELIX-LEBRUN,9,1,4,5,0,0,HUGO-CALDERANO,FELIX-LEBRUN,2,86,11920,12006,"Lateral_Droit_CD_M1,R_A_fl_M3_2","coup_droit,revers","service,flip","m1,m3",coup_droit,m1,out,coup_droit,topspin,0,clips/set_1_point_9/set_1_point_9.mp4,HUGO-CALDERANO,FELIX-LEBRUN,,2025-08-04
HUGO-CALDERANO_vs_FELIX-LEBRUN,10,1,4,6,0,0,FELIX-LEBRUN,FELIX-LEBRUN,3,67,12294,12361,"Lateral_Gauche_CD_D2,R_A_fl_G3_2,R_I_bl_G2_3","coup_droit,revers,revers","service,flip,block","d2,g3,g2",coup_droit,d2,out,revers,topspin,0,clips/set_1_point_10/set_1_point_10.mp4,HUGO-CALDERANO,FELIX-LEBRUN,,2025-08-04
HUGO-CALDERANO_vs_FELIX-LEBRUN,11,1,4,7,0,0,FELIX-LEBRUN,FELIX-LEBRUN,1,67,12567,12634,Lateral_Droit_CD_M2,coup_droit,service,m2,coup_droit,m2,filet,revers,flip,0,clips/set_1_point_11/set_1_point_11.mp4,HUGO-CALDERANO,FELIX-LEBRUN,,2025-08-04
HUGO-CALDERANO_vs_FELIX-LEBRUN,12,1,4,8,0,0,HUGO-CALDERANO,HUGO-CALDERANO,3,94,13203,13297,"Lateral_Droit_CD_D2,CD_D_po_M3_2,CD_A_to_D3_3","coup_droit,coup_droit,coup_droit","service,poussette,topspin","d2,m3,d3",coup_droit,d2,out,coup_droit,topspin,0,clips/set_1_point_12/set_1_point_12.mp4,HUGO-CALDERANO,FELIX-LEBRUN,,2025-08-04
HUGO-CALDERANO_vs_FELIX-LEBRUN,13,1,5,8,0,0,HUGO-CALDERANO,FELIX-LEBRUN,1,20,13321,13341,Lateral_Droit_CD_G2,coup_droit,service,g2,coup_droit,g2,out,coup_droit,,0,clips/set_1_point_13/set_1_point_13.mp4,HUGO-CALDERANO,FELIX-LEBRUN,,2025-08-04
HUGO-CALDERANO_vs_FELIX-LEBRUN,14,1,5,9,0,0,FELIX-LEBRUN,HUGO-CALDERANO,2,65,13924,13989,"Lateral_Gauche_CD_D2,R_A_fl_M2_2","coup_droit,revers","service,flip","d2,m2",coup_droit,d2,out,revers,bloc,0,clips/set_1_point_14/set_1_point_14.mp4,HUGO-CALDERANO,FELIX-LEBRUN,,2025-08-04
HUGO-CALDERANO_vs_FELIX-LEBRUN,15,1,6,9,0,0,FELIX-LEBRUN,FELIX-LEBRUN,1,53,14308,14361,Lateral_Droit_CD_G3,coup_droit,service,g3,coup_droit,g3,out,revers,topspin,0,clips/set_1_point_15/set_1_point_15.mp4,HUGO-CALDERANO,FELIX-LEBRUN,,2025-08-04
HUGO-CALDERANO_vs_FELIX-LEBRUN,16,1,6,10,0,0,HUGO-CALDERANO,FELIX-LEBRUN,2,101,14704,14805,"Lateral_Droit_CD_M1,CD_D_po_G3_2","coup_droit,coup_droit","service,poussette","m1,g3",coup_droit,m1,filet,revers,topspin,0,clips/set_1_point_16/set_1_point_16.mp4,HUGO-CALDERANO,FELIX-LEBRUN,,2025-08-04
HUGO-CALDERANO_vs_FELIX-LEBRUN,17,2,0,0,0,1,FELIX-LEBRUN,HUGO-CALDERANO,2,74,16892,16966,"Lateral_Droit_CD_D2,CD_D_po_M2_2","coup_droit,coup_droit","service,poussette","d2,m2",coup_droit,d2,filet,coup_droit,flip,0,clips/set_2_point_17/set_2_point_17.mp4,HUGO-CALDERANO,FELIX-LEBRUN,,2025-08-04
HUGO-CALDERANO_vs_FELIX-LEBRUN,18,2,1,0,0,1,FELIX-LEBRUN,FELIX-LEBRUN,3,53,17156,17209,"Lateral_Gauche_CD_D2,CD_D_po_D2_2,CD_A_to_D3_3","coup_droit,coup_droit,coup_droit","service,poussette,topspin","d2,d2,d3",coup_droit,d2,out,coup_droit,bloc,0,clips/set_2_point_18/set_2_point_18.mp4,HUGO-CALDERANO,FELIX-LEBRUN,,2025-08-04
HUGO-CALDERANO_vs_FELIX-LEBRUN,19,2,1,1,0,1,HUGO-CALDERANO,FELIX-LEBRUN,2,39,17613,17652,"Lateral_Droit_CD_D2,CD_D_po_D2_2","coup_droit,coup_droit","service,poussette","d2,d2",coup_droit,d2,out,coup_droit,poussette,0,clips/set_2_point_19/set_2_point_19.mp4,HUGO-CALDERANO,FELIX-LEBRUN,,2025-08-04
HUGO-CALDERANO_vs_FELIX-LEBRUN,20,2,1,2,0,1,HUGO-CALDERANO,FELIX-LEBRUN,4,125,18027,18152,"Lateral_Droit_CD_D2,CD_D_po_G3_2,R_D_po_M3_3,R_A_to_M3_4","coup_droit,coup_droit,revers,revers","service,poussette,poussette,topspin","d2,g3,m3,m3",coup_droit,d2,out,coup_droit,topspin,0,clips/set_2_point_20/set_2_point_20.mp4,HUGO-CALDERANO,FELIX-LEBRUN,,2025-08-04
HUGO-CALDERANO_vs_FELIX-LEBRUN,21,2,1,3,0,1,FELIX-LEBRUN,HUGO-CALDERANO,2,34,18424,18458,"Lateral_Droit_CD_G3,R_A_to_D3_2","coup_droit,revers","service,topspin","g3,d3",coup_droit,g3,out,coup_droit,topspin,0,clips/set_2_point_21/set_2_point_21.mp4,HUGO-CALDERANO,FELIX-LEBRUN,,2025-08-04
HUGO-CALDERANO_vs_FELIX-LEBRUN,22,2,2,3,0,1,FELIX-LEBRUN,FELIX-LEBRUN,1,64,19134,19198,Lateral_Droit_CD_M2,coup_droit,service,m2,coup_droit,m2,filet,coup_droit,poussette,0,clips/set_2_point_22/set_2_point_22.mp4,HUGO-CALDERANO,FELIX-LEBRUN,,2025-08-04
HUGO-CALDERANO_vs_FELIX-LEBRUN,23,2,2,4,0,1,HUGO-CALDERANO,FELIX-LEBRUN,2,97,19820,19917,"Lateral_Droit_CD_D2,R_D_po_G3_2","coup_droit,revers","service,poussette","d2,g3",coup_droit,d2,filet,revers,topspin,0,clips/set_2_point_23/set_2_point_23.mp4,HUGO-CALDERANO,FELIX-LEBRUN,,2025-08-04
HUGO-CALDERANO_vs_FELIX-LEBRUN,24,2,2,5,0,1,HUGO-CALDERANO,FELIX-LEBRUN,2,86,20354,20440,"Lateral_Droit_CD_G2,R_D_po_M2_2","coup_droit,revers","service,poussette","g2,m2",coup_droit,g2,out,revers,flip,0,clips/set_2_point_24/set_2_point_24.mp4,HUGO-CALDERANO,FELIX-LEBRUN,,2025-08-04
HUGO-CALDERANO_vs_FELIX-LEBRUN,25,2,2,6,0,1,FELIX-LEBRUN,HUGO-CALDERANO,10,177,20686,20863,"Lateral_Droit_CD_D2,CD_D_po_M2_2,CD_D_po_M3_3,R_A_to_G3_4,R_I_bl_G3_5,R_A_to_M3_6,CD_I_to_M3_7,CD_A_to_D2_8,CD_I_to_M3_9,CD_A_to_M2_10","coup_droit,coup_droit,coup_droit,revers,revers,revers,coup_droit,coup_droit,coup_droit,coup_droit","service,poussette,poussette,topspin,block,topspin,topspin,topspin,topspin,topspin","d2,m2,m3,g3,g3,m3,m3,d2,m3,m2",coup_droit,d2,out,coup_droit,topspin,0,clips/set_2_point_25/set_2_point_25.mp4,HUGO-CALDERANO,FELIX-LEBRUN,,2025-08-04
HUGO-CALDERANO_vs_FELIX-LEBRUN,26,2,3,6,0,1,FELIX-LEBRUN,FELIX-LEBRUN,3,41,21167,21208,"Lateral_Droit_CD_G2,R_I_to_M3_2,CD_I_to_G3_3","coup_droit,revers,coup_droit","service,topspin,topspin","g2,m3,g3",coup_droit,g2,out,revers,bloc,0,clips/set_2_point_26/set_2_point_26.mp4,HUGO-CALDERANO,FELIX-LEBRUN,,2025-08-04
HUGO-CALDERANO_vs_FELIX-LEBRUN,27,2,3,7,0,1,HUGO-CALDERANO,FELIX-LEBRUN,4,110,21855,21965,"Lateral_Droit_CD_M2,R_D_po_M3_2,R_A_to_G2_3,R_I_bl_G3_4","coup_droit,revers,revers,revers","service,poussette,topspin,block","m2,m3,g2,g3",coup_droit,m2,out,revers,topspin,0,clips/set_2_point_27/set_2_point_27.mp4,HUGO-CALDERANO,FELIX-LEBRUN,,2025-08-04
HUGO-CALDERANO_vs_FELIX-LEBRUN,28,2,3,8,0,1,HUGO-CALDERANO,HUGO-CALDERANO,5,84,22446,22530,"Lateral_Droit_CD_M2,R_A_fl_G3_2,R_I_to_M2_3,CD_I_bl_D3_4,CD_I_to_D3_5","coup_droit,revers,revers,coup_droit,coup_droit","service,flip,topspin,block,topspin","m2,g3,m2,d3,d3",coup_droit,m2,pt_gagne,coup_droit,topspin,1,clips/set_2_point_28/set_2_point_28.mp4,HUGO-CALDERANO,FELIX-LEBRUN,,2025-08-04
HUGO-CALDERANO_vs_FELIX-LEBRUN,29,2,4,8,0,1,FELIX-LEBRUN,HUGO-CALDERANO,4,72,22992,23064,"Lateral_Gauche_CD_D2,CD_D_po_M2_2,CD_D_po_M3_3,R_A_to_D2_4","coup_droit,coup_droit,coup_droit,revers","service,poussette,poussette,topspin","d2,m2,m3,d2",coup_droit,d2,pt_gagne,revers,topspin,1,clips/set_2_point_29/set_2_point_29.mp4,HUGO-CALDERANO,FELIX-LEBRUN,,2025-08-04
HUGO-CALDERANO_vs_FELIX-LEBRUN,30,2,5,8,0,1,FELIX-LEBRUN,HUGO-CALDERANO,4,55,23340,23395,"Lateral_Droit_CD_M2,R_A_fl_M3_2,R_I_bl_M2_3,R_A_to_G3_4","coup_droit,revers,revers,revers","service,flip,block,topspin","m2,m3,m2,g3",coup_droit,m2,out,revers,bloc,0,clips/set_2_point_30/set_2_point_30.mp4,HUGO-CALDERANO,FELIX-LEBRUN,,2025-08-04
HUGO-CALDERANO_vs_FELIX-LEBRUN,31,2,6,8,0,1,HUGO-CALDERANO,FELIX-LEBRUN,2,77,23912,23989,"Lateral_Droit_CD_D2,R_I_fl_G2_2","coup_droit,revers","service,flip","d2,g2",coup_droit,d2,out,revers,topspin,0,clips/set_2_point_31/set_2_point_31.mp4,HUGO-CALDERANO,FELIX-LEBRUN,,2025-08-04
HUGO-CALDERANO_vs_FELIX-LEBRUN,32,2,6,9,0,1,HUGO-CALDERANO,HUGO-CALDERANO,7,122,24512,24634,"Lateral_Droit_CD_M2,R_D_po_M2_2,R_D_po_M3_3,R_I_to_G3_4,R_A_to_G3_5,R_I_bl_M2_6,CD_A_to_G3_7","coup_droit,revers,revers,revers,revers,revers,coup_droit","service,poussette,poussette,topspin,topspin,block,topspin","m2,m2,m3,g3,g3,m2,g3",coup_droit,m2,pt_gagne,coup_droit,topspin,1,clips/set_2_point_32/set_2_point_32.mp4,HUGO-CALDERANO,FELIX-LEBRUN,,2025-08-04
HUGO-CALDERANO_vs_FELIX-LEBRUN,33,2,7,9,0,1,FELIX-LEBRUN,HUGO-CALDERANO,2,65,24908,24973,"Lateral_Droit_CD_G2,R_A_to_G3_2","coup_droit,revers","service,topspin","g2,g3",coup_droit,g2,filet,revers,topspin,0,clips/set_2_point_33/set_2_point_33.mp4,HUGO-CALDERANO,FELIX-LEBRUN,,2025-08-04
HUGO-CALDERANO_vs_FELIX-LEBRUN,34,2,8,9,0,1,FELIX-LEBRUN,HUGO-CALDERANO,2,80,27275,27355,"Lateral_Droit_CD_M1,CD_D_po_M2_2","coup_droit,coup_droit","service,poussette","m1,m2",coup_droit,m1,out,revers,poussette,0,clips/set_2_point_34/set_2_point_34.mp4,HUGO-CALDERANO,FELIX-LEBRUN,,2025-08-04
HUGO-CALDERANO_vs_FELIX-LEBRUN,35,2,9,9,0,1,HUGO-CALDERANO,HUGO-CALDERANO,5,129,28019,28148,"Lateral_Droit_CD_M2,R_D_po_G3_2,R_I_to_M3_3,R_A_to_G2_4,R_I_to_D3_5","coup_droit,revers,revers,revers,revers","service,poussette,topspin,topspin,topspin","m2,g3,m3,g2,d3",coup_droit,m2,out,coup_droit,topspin,0,clips/set_2_point_35/set_2_point_35.mp4,HUGO-CALDERANO,FELIX-LEBRUN,,2025-08-04
HUGO-CALDERANO_vs_FELIX-LEBRUN,36,2,10,9,0,1,HUGO-CALDERANO,FELIX-LEBRUN,4,113,28718,28831,"Lateral_Droit_CD_D2,CD_D_po_D1_2,R_D_po_M2_3,CD_D_po_G3_4","coup_droit,coup_droit,revers,coup_droit","service,poussette,poussette,poussette","d2,d1,m2,g3",coup_droit,d2,out,revers,topspin,0,clips/set_2_point_36/set_2_point_36.mp4,HUGO-CALDERANO,FELIX-LEBRUN,,2025-08-04
HUGO-CALDERANO_vs_FELIX-LEBRUN,37,2,10,10,0,1,FELIX-LEBRUN,FELIX-LEBRUN,1,52,29162,29214,Lateral_Gauche_CD_D2,coup_droit,service,d2,coup_droit,d2,out,revers,flip,0,clips/set_2_point_37/set_2_point_37.mp4,HUGO-CALDERANO,FELIX-LEBRUN,,2025-08-04
HUGO-CALDERANO_vs_FELIX-LEBRUN,38,2,10,11,0,1,HUGO-CALDERANO,FELIX-LEBRUN,4,85,29684,29769,"Lateral_Droit_CD_M2,R_A_fl_G3_2,R_A_to_G3_3,R_I_to_G3_4","coup_droit,revers,revers,revers","service,flip,topspin,topspin","m2,g3,g3,g3",coup_droit,m2,out,revers,topspin,0,clips/set_2_point_38/set_2_point_38.mp4,HUGO-CALDERANO,FELIX-LEBRUN,,2025-08-04
HUGO-CALDERANO_vs_FELIX-LEBRUN,39,3,0,0,0,2,HUGO-CALDERANO,FELIX-LEBRUN,4,123,32462,32585,"Lateral_Droit_CD_D2,CD_D_po_M2_2,CD_D_po_D2_3,CD_D_po_D2_4","coup_droit,coup_droit,coup_droit,coup_droit","service,poussette,poussette,poussette","d2,m2,d2,d2",coup_droit,d2,out,coup_droit,topspin,0,clips/set_3_point_39/set_3_point_39.mp4,HUGO-CALDERANO,FELIX-LEBRUN,,2025-08-04
HUGO-CALDERANO_vs_FELIX-LEBRUN,40,3,0,1,0,2,HUGO-CALDERANO,HUGO-CALDERANO,3,90,32970,33060,"Lateral_Droit_CD_D2,CD_D_po_G3_2,R_I_to_M2_3","coup_droit,coup_droit,revers","service,poussette,topspin","d2,g3,m2",coup_droit,d2,out,revers,topspin,0,clips/set_3_point_40/set_3_point_40.mp4,HUGO-CALDERANO,FELIX-LEBRUN,,2025-08-04
HUGO-CALDERANO_vs_FELIX-LEBRUN,41,3,1,1,0,2,FELIX-LEBRUN,HUGO-CALDERANO,2,73,33266,33339,"Lateral_Droit_CD_D2,CD_D_po_M2_2","coup_droit,coup_droit","service,poussette","d2,m2",coup_droit,d2,out,coup_droit,poussette,0,clips/set_3_point_41/set_3_point_41.mp4,HUGO-CALDERANO,FELIX-LEBRUN,,2025-08-04
HUGO-CALDERANO_vs_FELIX-LEBRUN,42,3,2,1,0,2,FELIX-LEBRUN,FELIX-LEBRUN,3,70,33631,33701,"Lateral_Droit_CD_G3,R_I_to_M2_2,R_A_to_G3_3","coup_droit,revers,revers","service,topspin,topspin","g3,m2,g3",coup_droit,g3,out,revers,topspin,0,clips/set_3_point_42/set_3_point_42.mp4,HUGO-CALDERANO,FELIX-LEBRUN,,2025-08-04
HUGO-CALDERANO_vs_FELIX-LEBRUN,43,3,2,2,0,2,HUGO-CALDERANO,HUGO-CALDERANO,1,75,34445,34520,Lateral_Droit_CD_M3,coup_droit,service,m3,coup_droit,m3,filet,revers,topspin,0,clips/set_3_point_43/set_3_point_43.mp4,HUGO-CALDERANO,FELIX-LEBRUN,,2025-08-04
HUGO-CALDERANO_vs_FELIX-LEBRUN,44,3,3,2,0,2,HUGO-CALDERANO,HUGO-CALDERANO,3,92,34801,34893,"Lateral_Droit_CD_M1,R_D_po_M3_2,R_I_to_D3_3","coup_droit,revers,revers","service,poussette,topspin","m1,m3,d3",coup_droit,m1,filet,coup_droit,topspin,0,clips/set_3_point_44/set_3_point_44.mp4,HUGO-CALDERANO,FELIX-LEBRUN,,2025-08-04
HUGO-CALDERANO_vs_FELIX-LEBRUN,45,3,4,2,0,2,FELIX-LEBRUN,HUGO-CALDERANO,2,50,35237,35287,"Lateral_Droit_CD_G2,R_A_to_G2_2","coup_droit,revers","service,topspin","g2,g2",coup_droit,g2,out,revers,bloc,0,clips/set_3_point_45/set_3_point_45.mp4,HUGO-CALDERANO,FELIX-LEBRUN,,2025-08-04
HUGO-CALDERANO_vs_FELIX-LEBRUN,46,3,5,2,0,2,FELIX-LEBRUN,FELIX-LEBRUN,5,91,35606,35697,"Lateral_Droit_CD_G3,R_I_to_M3_2,R_I_to_G3_3,R_I_to_D3_4,CD_I_to_G2_5","coup_droit,revers,revers,revers,coup_droit","service,topspin,topspin,topspin,topspin","g3,m3,g3,d3,g2",coup_droit,g3,out,revers,topspin,0,clips/set_3_point_46/set_3_point_46.mp4,HUGO-CALDERANO,FELIX-LEBRUN,,2025-08-04
HUGO-CALDERANO_vs_FELIX-LEBRUN,47,3,5,3,0,2,HUGO-CALDERANO,FELIX-LEBRUN,2,94,36240,36334,"Lateral_Droit_CD_D1,CD_D_po_D2_2","coup_droit,coup_droit","service,poussette","d1,d2",coup_droit,d1,filet,coup_droit,poussette,0,clips/set_3_point_47/set_3_point_47.mp4,HUGO-CALDERANO,FELIX-LEBRUN,,2025-08-04
HUGO-CALDERANO_vs_FELIX-LEBRUN,48,3,5,4,0,2,HUGO-CALDERANO,HUGO-CALDERANO,3,76,36812,36888,"Lateral_Droit_CD_D2,CD_D_po_G3_2,R_A_to_G2_3","coup_droit,coup_droit,revers","service,poussette,topspin","d2,g3,g2",coup_droit,d2,pt_gagne,revers,topspin,1,clips/set_3_point_48/set_3_point_48.mp4,HUGO-CALDERANO,FELIX-LEBRUN,,2025-08-04
HUGO-CALDERANO_vs_FELIX-LEBRUN,49,3,6,4,0,2,FELIX-LEBRUN,FELIX-LEBRUN,11,213,37120,37333,"Lateral_Gauche_CD_D2,CD_D_po_M2_2,CD_A_to_D3_3,CD_I_bl_M3_4,CD_A_to_D3_5,CD_I_to_M2_6,CD_A_to_D3_7,CD_A_to_D2_8,CD_A_to_D3_9,CD_I_to_M2_10,CD_I_to_D2_11","coup_droit,coup_droit,coup_droit,coup_droit,coup_droit,coup_droit,coup_droit,coup_droit,coup_droit,coup_droit,coup_droit","service,poussette,topspin,block,topspin,topspin,topspin,topspin,topspin,topspin,topspin","d2,m2,d3,m3,d3,m2,d3,d2,d3,m2,d2",coup_droit,d2,out,coup_droit,topspin,0,clips/set_3_point_49/set_3_point_49.mp4,HUGO-CALDERANO,FELIX-LEBRUN,,2025-08-04
HUGO-CALDERANO_vs_FELIX-LEBRUN,50,3,6,5,0,2,FELIX-LEBRUN,FELIX-LEBRUN,13,276,37743,38019,"Lateral_Droit_CD_D2,R_A_fl_G3_2,R_I_bl_G3_3,R_I_bl_M2_4,CD_A_to_G3_5,R_I_bl_M2_6,CD_A_to_G3_7,R_I_to_M1_8,CD_A_to_G2_9,R_I_bl_M3_10,CD_A_to_G3_11,R_I_bl_M2_12,CD_A_to_G3_13","coup_droit,revers,revers,revers,coup_droit,revers,coup_droit,revers,coup_droit,revers,coup_droit,revers,coup_droit","service,flip,block,block,topspin,block,topspin,topspin,topspin,block,topspin,block,topspin","d2,g3,g3,m2,g3,m2,g3,m1,g2,m3,g3,m2,g3",coup_droit,d2,out,revers,bloc,0,clips/set_3_point_50/set_3_point_50.mp4,HUGO-CALDERANO,FELIX-LEBRUN,,2025-08-04
HUGO-CALDERANO_vs_FELIX-LEBRUN,51,3,6,6,0,2,HUGO-CALDERANO,FELIX-LEBRUN,4,91,39135,39226,"Lateral_Droit_CD_M1,R_I_fl_M3_2,R_I_to_G2_3,R_I_to_G3_4","coup_droit,revers,revers,revers","service,flip,topspin,topspin","m1,m3,g2,g3",coup_droit,m1,filet,revers,bloc,0,clips/set_3_point_51/set_3_point_51.mp4,HUGO-CALDERANO,FELIX-LEBRUN,,2025-08-04
HUGO-CALDERANO_vs_FELIX-LEBRUN,52,3,6,7,0,2,HUGO-CALDERANO,FELIX-LEBRUN,2,98,41916,42014,"Lateral_Droit_CD_M1,R_D_po_D2_2","coup_droit,revers","service,poussette","m1,d2",coup_droit,m1,out,coup_droit,topspin,0,clips/set_3_point_52/set_3_point_52.mp4,HUGO-CALDERANO,FELIX-LEBRUN,,2025-08-04
HUGO-CALDERANO_vs_FELIX-LEBRUN,53,3,6,8,0,2,FELIX-LEBRUN,HUGO-CALDERANO,4,87,42284,42371,"Lateral_Droit_CD_D2,CD_D_po_M2_2,CD_D_po_G3_3,R_I_to_G3_4","coup_droit,coup_droit,coup_droit,revers","service,poussette,poussette,topspin","d2,m2,g3,g3",coup_droit,d2,out,revers,topspin,0,clips/set_3_point_53/set_3_point_53.mp4,HUGO-CALDERANO,FELIX-LEBRUN,,2025-08-04
HUGO-CALDERANO_vs_FELIX-LEBRUN,54,3,7,8,0,2,FELIX-LEBRUN,FELIX-LEBRUN,7,133,42581,42714,"Lateral_Gauche_CD_D2,CD_D_po_M2_2,CD_A_to_D3_3,CD_I_bl_D2_4,CD_I_to_M3_5,CD_I_to_G2_6,CD_I_to_M2_7","coup_droit,coup_droit,coup_droit,coup_droit,coup_droit,coup_droit,coup_droit","service,poussette,topspin,block,topspin,topspin,topspin","d2,m2,d3,d2,m3,g2,m2",coup_droit,d2,out,coup_droit,topspin,0,clips/set_3_point_54/set_3_point_54.mp4,HUGO-CALDERANO,FELIX-LEBRUN,,2025-08-04
HUGO-CALDERANO_vs_FELIX-LEBRUN,55,3,7,9,0,2,HUGO-CALDERANO,FELIX-LEBRUN,2,87,43268,43355,"Lateral_Droit_CD_M2,R_D_po_M3_2","coup_droit,revers","service,poussette","m2,m3",coup_droit,m2,filet,revers,topspin,0,clips/set_3_point_55/set_3_point_55.mp4,HUGO-CALDERANO,FELIX-LEBRUN,,2025-08-04
HUGO-CALDERANO_vs_FELIX-LEBRUN,56,4,7,10,0,2,FELIX-LEBRUN,FELIX-LEBRUN,3,75,43785,43860,"Lateral_Gauche_CD_D2,CD_D_po_M2_2,CD_D_po_G2_3","coup_droit,coup_droit,coup_droit","service,poussette,poussette","d2,m2,g2",coup_droit,,filet,coup_droit,,0,,HUGO-CALDERANO,FELIX-LEBRUN,,2025-08-04
HUGO-CALDERANO_vs_FELIX-LEBRUN,57,4,0,0,0,3,FELIX-LEBRUN,FELIX-LEBRUN,3,85,46367,46452,"Lateral_Droit_CD_D2,R_A_fl_D3_2,CD_I_to_G3_3","coup_droit,revers,coup_droit","service,flip,topspin","d2,d3,g3",coup_droit,d2,out,revers,topspin,0,clips/set_4_point_57/set_4_point_57.mp4,HUGO-CALDERANO,FELIX-LEBRUN,,2025-08-04
HUGO-CALDERANO_vs_FELIX-LEBRUN,58,4,0,1,0,3,HUGO-CALDERANO,FELIX-LEBRUN,1,53,46640,46693,Lateral_Droit_CD_M2,coup_droit,service,m2,coup_droit,d2,pt_gagne,coup_droit,topspin,1,clips/set_4_point_58/set_4_point_58.mp4,HUGO-CALDERANO,FELIX-LEBRUN,,2025-08-04
HUGO-CALDERANO_vs_FELIX-LEBRUN,59,4,0,2,0,3,HUGO-CALDERANO,HUGO-CALDERANO,5,77,47159,47236,"Lateral_Droit_CD_D2,CD_D_po_M2_2,CD_D_po_M2_3,CD_D_po_G3_4,R_A_to_G3_5","coup_droit,coup_droit,coup_droit,coup_droit,revers","service,poussette,poussette,poussette,topspin","d2,m2,m2,g3,g3",coup_droit,m2,out,revers,poussette,0,clips/set_4_point_59/set_4_point_59.mp4,HUGO-CALDERANO,FELIX-LEBRUN,,2025-08-04
HUGO-CALDERANO_vs_FELIX-LEBRUN,60,4,1,2,0,3,FELIX-LEBRUN,HUGO-CALDERANO,3,105,47536,47641,"Lateral_Droit_CD_G3,R_A_to_M3_2,CD_I_to_G2_3","coup_droit,revers,coup_droit","service,topspin,topspin","g3,m3,g2",coup_droit,d2,pt_gagne,revers,topspin,1,clips/set_4_point_60/set_4_point_60.mp4,HUGO-CALDERANO,FELIX-LEBRUN,,2025-08-04
HUGO-CALDERANO_vs_FELIX-LEBRUN,61,4,2,2,0,3,FELIX-LEBRUN,FELIX-LEBRUN,1,73,47862,47935,Lateral_Droit_CD_G3,coup_droit,service,g3,coup_droit,g3,filet,revers,bloc,0,clips/set_4_point_61/set_4_point_61.mp4,HUGO-CALDERANO,FELIX-LEBRUN,,2025-08-04
HUGO-CALDERANO_vs_FELIX-LEBRUN,62,4,2,3,0,3,HUGO-CALDERANO,FELIX-LEBRUN,2,39,48137,48176,"Lateral_Droit_CD_D2,R_A_to_G3_2","coup_droit,revers","service,topspin","d2,g3",coup_droit,g3,out,revers,topspin,0,clips/set_4_point_62/set_4_point_62.mp4,HUGO-CALDERANO,FELIX-LEBRUN,,2025-08-04
HUGO-CALDERANO_vs_FELIX-LEBRUN,63,4,2,4,0,3,HUGO-CALDERANO,FELIX-LEBRUN,1,77,48978,49055,Lateral_Droit_CD_G3,coup_droit,service,g3,coup_droit,d2,out,revers,topspin,0,clips/set_4_point_63/set_4_point_63.mp4,HUGO-CALDERANO,FELIX-LEBRUN,,2025-08-04
HUGO-CALDERANO_vs_FELIX-LEBRUN,64,4,2,5,0,3,FELIX-LEBRUN,HUGO-CALDERANO,3,62,49536,49598,"Lateral_Droit_CD_D2,CD_D_po_G3_2,R_I_to_G3_3","coup_droit,coup_droit,revers","service,poussette,topspin","d2,g3,g3",coup_droit,g3,out,revers,poussette,0,clips/set_4_point_64/set_4_point_64.mp4,HUGO-CALDERANO,FELIX-LEBRUN,,2025-08-04
HUGO-CALDERANO_vs_FELIX-LEBRUN,65,4,3,5,0,3,FELIX-LEBRUN,FELIX-LEBRUN,9,51,49820,49871,"Lateral_Droit_CD_D2,CD_D_po_M2_2,CD_D_po_M3_3,R_I_to_D3_4,CD_I_to_M2_5,CD_I_to_D2_6,CD_I_to_G2_7,R_I_bl_M3_8,CD_A_to_G2_9","coup_droit,coup_droit,coup_droit,revers,coup_droit,coup_droit,coup_droit,revers,coup_droit","service,poussette,poussette,topspin,topspin,topspin,topspin,block,topspin","d2,m2,m3,d3,m2,d2,g2,m3,g2",coup_droit,d2,out,coup_droit,topspin,0,clips/set_4_point_65/set_4_point_65.mp4,HUGO-CALDERANO,FELIX-LEBRUN,,2025-08-04
HUGO-CALDERANO_vs_FELIX-LEBRUN,66,4,3,6,0,3,HUGO-CALDERANO,FELIX-LEBRUN,1,158,50097,50255,Lateral_Droit_CD_G3,coup_droit,service,g3,coup_droit,d2,out,revers,topspin,0,clips/set_4_point_66/set_4_point_66.mp4,HUGO-CALDERANO,FELIX-LEBRUN,,2025-08-04
HUGO-CALDERANO_vs_FELIX-LEBRUN,67,4,3,7,0,3,HUGO-CALDERANO,HUGO-CALDERANO,4,79,50802,50881,"Lateral_Droit_CD_D2,CD_D_po_G3_2,R_I_to_M3_3,R_A_to_G2_4","coup_droit,coup_droit,revers,revers","service,poussette,topspin,topspin","d2,g3,m3,g2",coup_droit,g3,out,revers,topspin,0,clips/set_4_point_67/set_4_point_67.mp4,HUGO-CALDERANO,FELIX-LEBRUN,,2025-08-04
HUGO-CALDERANO_vs_FELIX-LEBRUN,68,4,4,7,0,3,FELIX-LEBRUN,FELIX-LEBRUN,5,115,51486,51601,"Lateral_Droit_CD_D2,CD_D_po_M2_2,CD_D_po_M3_3,CD_A_to_G3_4,R_I_bl_M2_5","coup_droit,coup_droit,coup_droit,coup_droit,revers","service,poussette,poussette,topspin,block","d2,m2,m3,g3,m2",coup_droit,d2,out,revers,topspin,0,clips/set_4_point_68/set_4_point_68.mp4,HUGO-CALDERANO,FELIX-LEBRUN,,2025-08-04
HUGO-CALDERANO_vs_FELIX-LEBRUN,69,4,4,8,0,3,FELIX-LEBRUN,FELIX-LEBRUN,6,73,52825,52898,"Lateral_Gauche_CD_D2,CD_D_po_M2_2,R_D_po_M3_3,R_A_to_D3_4,CD_I_to_M2_5,CD_I_to_M3_6","coup_droit,coup_droit,revers,revers,coup_droit,coup_droit","service,poussette,poussette,topspin,topspin,topspin","d2,m2,m3,d3,m2,m3",coup_droit,d2,out,coup_droit,topspin,0,clips/set_4_point_69/set_4_point_69.mp4,HUGO-CALDERANO,FELIX-LEBRUN,,2025-08-04
HUGO-CALDERANO_vs_FELIX-LEBRUN,70,4,4,9,0,3,HUGO-CALDERANO,HUGO-CALDERANO,4,113,53190,53303,"Lateral_Droit_CD_D2,CD_D_po_M1_2,CD_D_po_G2_3,R_I_to_M3_4","coup_droit,coup_droit,coup_droit,revers","service,poussette,poussette,topspin","d2,m1,g2,m3",coup_droit,d2,out,coup_droit,topspin,0,clips/set_4_point_70/set_4_point_70.mp4,HUGO-CALDERANO,FELIX-LEBRUN,,2025-08-04
HUGO-CALDERANO_vs_FELIX-LEBRUN,71,4,5,9,0,3,HUGO-CALDERANO,FELIX-LEBRUN,3,118,53623,53741,"Lateral_Droit_CD_D2,CD_D_po_G3_2,R_A_to_G3_3","coup_droit,coup_droit,revers","service,poussette,topspin","d2,g3,g3",coup_droit,d2,out,revers,topspin,0,clips/set_4_point_71/set_4_point_71.mp4,HUGO-CALDERANO,FELIX-LEBRUN,,2025-08-04
HUGO-CALDERANO_vs_FELIX-LEBRUN,72,4,5,10,0,3,FELIX-LEBRUN,HUGO-CALDERANO,3,109,54171,54280,"Lateral_Droit_CD_D2,CD_I_fl_G3_2,R_I_to_M2_3","coup_droit,coup_droit,revers","service,flip,topspin","d2,g3,m2",coup_droit,d2,filet,revers,topspin,0,clips/set_4_point_72/set_4_point_72.mp4,HUGO-CALDERANO,FELIX-LEBRUN,,2025-08-04
